decision_id,question,why_it_matters,required_evidence,blocked_work,owner,target_milestone,status
D-BUS-OWNER,Which physical bus-owner architecture A Station B controller or C broker will MATDOG use,Prevents multiple serial owners and defines failure authority,Approved runtime architecture plus queue watchdog e-stop and ownership tests,Runtime adapter and hardware-in-loop,Controls maintainer,Future runtime milestone,OPEN
D-URDF-DIRECTION,What semantic should REV00 custom motorDirection carry,It conflicts with eight hardware-backed encoder-to-q signs,Exporter history plus consuming-code semantics and an approved URDF migration decision,URDF tag cleanup,CAD and controls maintainers,Post-I.1 documentation maintenance,OPEN
D-WORLD,How is base_link placed in a materialized world and ground frame,Required for simulation contact and pose interpretation,Approved world transform ground-plane convention and offline vectors,Simulation integration,Simulation owner,I.2 or later,OPEN
D-SAFE-LIMITS,What operational safe limit applies to each of 24 profile sides,Contacts and URDF bounds do not establish an operating envelope,Separately authorized contact corpus margin rationale collision sweep and acceptance review,First stand and hardware motion,Safety owner,Hardware calibration milestone,OPEN
D-FIRST-STAND,What collision-aware first-stand envelope and trajectory are approved,Old raw targets are superseded and independent limits are insufficient,Complete contacts safe limits collision sweep offline trajectory and supervised protocol,First stand,Safety and controls owners,Post-calibration milestone,OPEN
D-IMU,Which MATDOG IMU model mounting axes estimator and gains are used,Stabilization cannot be defined from XGo values,BOM and board evidence mounting metrology static datasets estimator tests and gain rationale,Estimator and stabilization,Controls and electronics owners,Future stabilization milestone,OPEN
D-RATES,What command estimator and control target rates are required,XGo timing is non-transferable and achieved timing needs measurement,MATDOG workload budget scheduler design offline timing tests and later authorized measurements,Real-time runtime contract,Controls owner,Future runtime milestone,OPEN
D-CONTROLLER,Where do planning control and safety supervision execute,Defines latency ownership recovery and software boundaries,Architecture ADR linked to bus ownership timing safety and deployment evidence,Runtime implementation,Architecture owner,Future architecture milestone,OPEN
D-CURRENT-UNITS,What calibrated physical unit and thresholds apply to ST3215 current telemetry,Raw current is diagnostic but not physically characterized for MATDOG,Primary driver specification plus controlled calibration method and error bounds,Current-based safety claims,Electronics and safety owners,Hardware characterization milestone,OPEN
